,time_s,ax_m/s/s,ay_m/s/s,az_m/s/s,gx_deg/s,gy_deg/s,gz_deg/s,mx_microT,my_microT,mz_microT,highg_ax_m/s/s,highg_ay_m/s/s,highg_az_m/s/s,x_deg,y_deg,z_deg,qx,qy,qz,qr,ID,glb_ax,glb_ay,glb_az,glb_res
0,0.0,-0.353,9.02,3.742,-0.757,-0.427,0.756,-4.8,78.7,24.4,0.478,20.139,14.639,3.997,95.307,142.134,0.023,0.555,0.828,0.077,1,9.393278466979128,0.6996751881604032,2.6008358796469593,9.771774301527847
1,0.016667,-0.199,9.003,3.748,-0.486,-0.559,0.674,-5.0,79.2,25.1,0.584,19.135,12.332,4.082,95.277,142.076,0.024,0.555,0.828,0.077,2,9.366908918770012,0.8500218378591501,2.5844910877442278,9.75403065404246
2,0.033333,-0.32,8.973,3.802,0.672,0.065,0.762,-5.1,79.6,24.0,-0.46,20.092,13.498,4.156,95.239,142.031,0.024,0.555,0.828,0.078,3,9.386054395092332,0.7237733776929614,2.539777153631961,9.750504243371212
3,0.05,-0.472,9.051,3.846,0.915,-1.12,0.051,-5.8,79.4,24.3,0.478,20.361,12.02,4.183,95.22,142.006,0.024,0.555,0.828,0.078,4,9.486952158326313,0.5801101762678393,2.5683286255886704,9.84556250297564
4,0.066667,-0.449,9.097,3.844,0.592,-1.655,-0.037,-4.8,79.2,23.6,0.0,19.067,10.329,4.248,95.178,141.948,0.025,0.555,0.828,0.079,5,9.51705845328363,0.6047434255544579,2.6063825095390873,9.886017701784679
5,0.083333,-0.376,9.051,3.629,-0.196,-1.316,-0.78,-5.8,80.2,24.2,0.0,18.313,13.738,4.303,95.158,141.899,0.025,0.555,0.828,0.079,6,9.339113322104236,0.6721637366331559,2.7496865763302045,9.758668864143305
6,0.1,-0.402,9.091,3.671,-0.409,-0.113,0.021,-5.0,79.2,24.3,0.478,20.79,11.039,4.337,95.156,141.871,0.025,0.555,0.828,0.079,7,9.397181056841521,0.6523967597533746,2.747997935370802,9.812447503044286
7,0.116667,-0.458,9.012,3.792,-1.379,-0.05,0.21,-4.5,79.8,24.3,0.119,17.815,13.635,4.377,95.112,141.813,0.026,0.555,0.828,0.08,8,9.413306365446504,0.5821452919741905,2.6183854050304753,9.788011646907659
8,0.133333,-0.562,9.0,3.815,-0.377,-0.815,0.266,-5.0,79.1,24.8,0.124,18.657,11.682,4.433,95.073,141.756,0.026,0.555,0.828,0.081,9,9.424974621311469,0.4739608702875132,2.6106097910394412,9.791326212520955
9,0.15,-0.458,8.917,3.811,0.181,-0.423,0.79,-4.9,78.9,25.0,0.848,20.374,13.394,4.492,95.029,141.706,0.026,0.555,0.828,0.081,10,9.346684367439408,0.5634315010405044,2.5628910002376264,9.708057169176538
10,0.166667,-0.475,9.139,3.848,0.645,-1.03,-0.286,-5.3,79.2,24.4,0.0,19.021,12.574,4.55,94.992,141.651,0.027,0.555,0.827,0.082,11,9.54136608792887,0.5693355634855084,2.6818352283970635,9.92743924685515
11,0.183333,-0.391,9.048,3.705,-0.293,-1.208,-0.463,-6.6,79.6,24.7,0.0,18.592,10.588,4.603,94.959,141.602,0.027,0.555,0.827,0.082,12,9.371995833732944,0.6407825097097637,2.738850464655272,9.784999233520665
12,0.2,-0.339,9.028,3.725,0.807,-0.322,0.492,-5.1,79.2,24.2,0.0,21.427,11.102,4.626,94.956,141.587,0.027,0.555,0.827,0.082,13,9.363694167300286,0.6906221418295393,2.709170094047516,9.772171201938699
13,0.216667,-0.471,8.904,3.666,-0.149,-1.143,0.577,-4.8,79.8,24.1,0.347,19.35,12.736,4.67,94.932,141.542,0.027,0.555,0.827,0.083,14,9.239872052946296,0.5441032699992927,2.696540204921496,9.640674924506063
14,0.233333,-0.444,9.006,3.623,-0.448,-1.278,0.294,-6.5,79.5,24.4,-0.427,19.664,12.275,4.717,94.911,141.49,0.028,0.555,0.827,0.083,15,9.287265581083151,0.5827118442262809,2.7997224742868103,9.717576909909178
15,0.25,-0.37,9.056,3.665,-0.179,-0.261,0.297,-5.1,79.2,23.7,0.295,19.543,11.889,4.74,94.914,141.47,0.028,0.555,0.827,0.083,16,9.34488287881676,0.6634290246012258,2.795225735162379,9.77651579040304
16,0.266667,-0.282,9.02,3.795,0.982,0.395,0.497,-4.1,79.1,24.4,0.0,18.96,11.205,4.787,94.908,141.425,0.028,0.555,0.827,0.084,17,9.388634601710194,0.7467419662941669,2.671678452086852,9.789890142386687
17,0.283333,-0.404,9.072,3.827,0.101,1.467,-0.285,-6.0,80.3,25.0,-0.899,18.618,13.873,4.825,94.887,141.365,0.028,0.555,0.827,0.084,18,9.456589473805685,0.630317992884273,2.6992487383999735,9.854457316361971
18,0.3,-0.507,9.085,3.83,-0.056,0.178,0.332,-5.6,78.8,23.8,0.0,20.507,10.007,4.817,94.876,141.341,0.028,0.555,0.827,0.085,19,9.476261578864294,0.5276045714604307,2.7175860437370654,9.872343895955003
19,0.316667,-0.725,9.002,3.861,-1.035,-1.449,0.622,-4.8,79.3,24.4,-0.667,18.279,14.44,4.82,94.856,141.313,0.028,0.555,0.827,0.085,20,9.448774332895118,0.29805247003564783,2.6647285661260325,9.821860821656966
20,0.333333,-0.489,9.028,3.76,-0.597,-2.123,1.08,-6.1,79.2,25.5,0.252,18.707,13.722,4.892,94.812,141.262,0.029,0.555,0.827,0.085,21,9.383162788394323,0.5334401441251213,2.748309061791969,9.791910181369108
21,0.35,-0.559,9.035,3.75,-1.282,-1.938,0.732,-3.8,78.5,24.0,0.0,19.582,12.576,4.959,94.775,141.233,0.029,0.555,0.827,0.086,22,9.386748872271642,0.46236489151728405,2.7715285161800645,9.798275664625894
22,0.366667,-0.697,9.013,3.717,-0.195,-0.161,1.439,-5.0,77.9,24.6,-0.264,20.784,9.92,5.028,94.731,141.157,0.029,0.555,0.827,0.087,23,9.356662846512373,0.32018992688661496,2.8082745213770197,9.774255316902664
23,0.383333,-0.731,9.29,3.791,-0.234,-0.315,1.889,-4.4,79.0,25.7,-1.417,20.539,12.904,5.07,94.707,141.101,0.03,0.555,0.827,0.087,24,9.616966384018443,0.31690394665026916,2.9366088362695963,10.060325143850967
24,0.4,-0.481,9.171,3.834,-0.248,-0.099,1.682,-5.1,79.2,24.0,-1.208,19.286,12.21,5.121,94.679,141.072,0.03,0.555,0.827,0.087,25,9.53055464688097,0.5483199998004267,2.81176658004081,9.951791697980822
25,0.416667,-0.295,8.86,3.839,-0.436,-0.885,2.614,-6.8,79.1,24.1,-0.484,18.488,12.764,5.2,94.635,141.05,0.03,0.555,0.827,0.088,26,9.278120896585865,0.6924356411094483,2.6002983504317445,9.660463032381005
26,0.433333,-0.219,8.845,3.838,1.908,0.847,3.527,-5.8,77.8,24.8,0.479,19.376,12.915,5.257,94.666,141.08,0.031,0.555,0.827,0.087,27,9.260568326055516,0.7733384422352777,2.579932544121734,9.644284836108897
27,0.45,-0.163,9.048,3.971,1.417,-1.206,2.99,-5.4,79.6,24.3,0.792,19.299,12.744,5.338,94.691,141.078,0.031,0.555,0.827,0.087,28,9.495781100549202,0.8585880989551898,2.5989770616119503,9.882394143121392
28,0.466667,-0.159,9.089,3.691,-0.618,-1.648,1.741,-6.0,80.8,24.3,0.628,19.791,13.723,5.438,94.686,141.069,0.032,0.555,0.827,0.087,29,9.349284357058403,0.8775948509863343,2.8424271826003347,9.811150951850653
29,0.483333,-0.361,9.045,3.665,-2.605,-1.393,1.041,-4.8,78.8,24.5,0.472,18.677,13.374,5.492,94.648,141.078,0.032,0.555,0.827,0.087,30,9.316053881238025,0.6687429990530268,2.8528045644746634,9.765990528359117
30,0.5,-0.569,8.912,3.663,-1.981,0.095,0.411,-5.7,77.9,23.3,0.0,20.57,11.871,5.539,94.577,141.05,0.032,0.554,0.827,0.088,31,9.22806903868515,0.43724190732866636,2.7958246246387026,9.652205654667748
31,0.516667,-0.4,8.857,3.657,-0.906,-0.233,1.184,-5.0,78.9,26.0,0.0,19.613,12.608,5.568,94.542,141.032,0.033,0.554,0.827,0.088,32,9.167857657704609,0.5943223566007899,2.7526832190630706,9.590625527044624
32,0.533333,-0.343,8.916,3.67,0.076,-0.424,1.326,-5.4,79.7,24.9,0.0,18.882,12.212,5.621,94.515,140.984,0.033,0.554,0.827,0.089,33,9.214780055022171,0.6565550106041347,2.7817924177796205,9.647880855400318
33,0.55,-0.178,8.911,3.721,0.913,1.278,0.423,-5.7,78.8,24.8,0.144,18.276,11.434,5.662,94.508,140.958,0.033,0.554,0.827,0.089,34,9.229000779884284,0.8194284425998528,2.7271830947616293,9.658335570894188
34,0.566667,-0.179,8.957,3.793,-0.016,1.127,-0.995,-6.6,79.9,25.4,-0.708,19.383,13.917,5.666,94.493,140.936,0.033,0.554,0.827,0.089,35,9.309256396287962,0.8201813990235788,2.7040315865143745,9.728655559736918
35,0.583333,-0.457,9.075,3.788,-0.906,-0.009,-1.796,-5.6,79.7,25.2,0.957,18.238,10.623,5.642,94.466,140.918,0.033,0.554,0.827,0.089,36,9.41798086103683,0.5536323255840068,2.81221367417421,9.844461285413235
36,0.6,-0.573,9.088,3.744,-0.463,0.035,-1.073,-5.9,79.1,25.0,0.407,19.338,12.988,5.606,94.429,140.875,0.033,0.554,0.827,0.09,37,9.407305028344204,0.43397441831397265,2.8726098426237567,9.845689869176258
37,0.616667,-0.739,9.015,3.787,0.94,-0.384,-0.203,-5.3,79.7,24.0,0.295,18.657,11.848,5.582,94.418,140.834,0.033,0.554,0.827,0.09,38,9.389377410645546,0.2567713091832692,2.816269755410423,9.806004028145207
38,0.633333,-0.503,9.122,3.734,1.953,0.169,1.064,-5.2,79.9,23.9,0.108,19.881,13.394,5.598,94.447,140.788,0.033,0.555,0.827,0.09,39,9.417134476530435,0.5114383832866043,2.9090648035138376,9.869480685426158
39,0.65,-0.31,8.976,3.818,2.111,0.586,0.191,-5.0,80.3,24.7,0.0,18.788,11.173,5.634,94.471,140.74,0.033,0.555,0.826,0.091,40,9.340841000903286,0.6891962594405535,2.7414408459453,9.75919054020363
40,0.666667,-0.341,9.003,3.835,1.218,-0.421,-0.609,-6.4,79.3,24.9,0.429,17.798,12.107,5.659,94.476,140.688,0.033,0.555,0.826,0.091,41,9.372094234518956,0.6639507855893968,2.7569066022649027,9.791706439635536
41,0.683333,-0.502,9.053,3.797,0.179,-0.9,-1.243,-6.6,77.4,25.5,0.891,19.233,12.752,5.647,94.471,140.659,0.033,0.555,0.826,0.091,42,9.397335226664863,0.5103135867545875,2.838255217709877,9.829853610303665
42,0.7,-0.412,9.012,3.746,-0.158,-2.008,-0.476,-5.5,79.6,24.5,-0.229,19.404,13.031,5.658,94.456,140.626,0.033,0.555,0.826,0.092,43,9.324859129679044,0.5944369825894171,2.8481662320467476,9.768234436171156
43,0.716667,-0.45,9.089,3.745,-0.109,-1.246,-0.265,-6.4,78.5,23.5,-0.734,18.375,13.761,5.691,94.438,140.594,0.033,0.555,0.826,0.092,44,9.384535033259139,0.5653011255080718,2.9066101986732256,9.840601912484827
44,0.733333,-0.405,8.908,3.736,0.635,0.111,0.66,-5.0,78.6,24.2,-0.835,18.699,12.673,5.705,94.433,140.581,0.034,0.555,0.826,0.092,45,9.236124717168154,0.5880431548730332,2.796853670988602,9.668204848884821
45,0.75,-0.346,9.006,3.74,0.864,1.044,-0.035,-5.6,78.5,24.3,-0.721,17.936,11.717,5.701,94.449,140.553,0.034,0.555,0.826,0.092,46,9.307562103597585,0.6612299644769231,2.854367639557306,9.757835415705678
46,0.766667,-0.348,9.076,3.783,-0.359,1.917,-0.948,-4.7,78.6,24.6,0.884,20.389,11.554,5.677,94.44,140.528,0.033,0.555,0.826,0.092,47,9.387687404928007,0.6643117084773511,2.8698404383059297,9.839002439271981
47,0.783333,-0.221,9.008,3.673,-1.22,0.983,-1.705,-5.2,78.3,25.0,0.434,21.004,12.049,5.664,94.397,140.491,0.033,0.555,0.826,0.093,48,9.254261471446855,0.7777883559522109,2.9047416221480784,9.730561854281591
48,0.8,-0.293,8.95,3.654,-0.715,0.715,-0.917,-4.8,78.6,26.3,-0.402,19.714,12.891,5.653,94.353,140.451,0.033,0.555,0.826,0.093,49,9.201779051523522,0.6926640695499928,2.896125648810375,9.671611292850844
49,0.816667,-0.382,9.027,3.723,-0.28,1.86,-1.146,-4.3,79.4,24.8,0.75,18.734,13.524,5.63,94.336,140.43,0.033,0.555,0.826,0.094,50,9.310734371028873,0.6081143094532082,2.904101316893025,9.772071530642824
50,0.833333,-0.632,8.994,3.658,0.315,1.76,-1.671,-4.7,80.0,25.1,0.576,21.243,12.92,5.597,94.317,140.365,0.033,0.555,0.826,0.094,51,9.259547649592015,0.3538263425909852,2.9678288771800347,9.7299755395376
51,0.85,-0.573,9.131,3.714,0.198,1.057,-0.965,-5.4,79.5,24.6,-0.219,19.982,13.435,5.57,94.308,140.299,0.033,0.555,0.826,0.095,52,9.392314191094176,0.425216881659385,3.01677157559581,9.87407139937726
52,0.866667,-0.449,9.091,3.656,0.107,1.236,-0.961,-5.6,80.0,24.9,0.0,19.585,13.28,5.541,94.323,140.259,0.033,0.555,0.826,0.095,53,9.313109490865514,0.5464158740288383,3.0301219948642317,9.8088846460747
53,0.883333,-0.516,9.217,3.685,0.189,0.783,0.118,-5.7,79.0,24.7,0.694,19.082,12.438,5.522,94.331,140.232,0.033,0.555,0.826,0.095,54,9.431348432511792,0.49484022622005863,3.098930443729233,9.939746978671037
54,0.9,-0.483,9.054,3.753,-0.544,0.859,0.852,-6.1,79.1,24.8,0.823,19.48,12.304,5.514,94.321,140.242,0.032,0.555,0.826,0.095,55,9.349085570267295,0.5042372976009306,2.938291637589425,9.812910577397513
55,0.916667,-0.491,9.053,3.764,-0.201,-0.167,0.511,-6.2,78.7,24.1,0.528,19.019,13.542,5.516,94.311,140.243,0.032,0.555,0.826,0.095,56,9.356130137624145,0.494354731190183,2.9298512330135686,9.816597475704098
56,0.933333,-0.632,9.082,3.8,0.225,-1.813,0.732,-4.6,77.8,23.5,0.0,18.544,13.056,5.518,94.296,140.236,0.032,0.555,0.826,0.095,57,9.41166051532458,0.3546581281047404,2.93547474123854,9.865198832258779
57,0.95,-0.58,9.097,3.776,0.857,-1.461,1.133,-4.5,80.0,24.5,0.0,19.919,10.178,5.573,94.275,140.195,0.033,0.555,0.826,0.096,58,9.401576657741309,0.4085560692559297,2.965370682880622,9.866609600060194
58,0.966667,-0.509,9.182,3.765,0.055,-1.313,0.869,-5.2,80.0,23.7,-0.062,19.135,12.479,5.645,94.258,140.146,0.033,0.555,0.825,0.096,59,9.451203291626951,0.4910396945832046,3.029367319867885,9.936972879101564
59,0.983333,-0.411,8.906,3.687,-0.38,-0.079,0.499,-5.6,79.2,24.0,0.0,19.553,13.037,5.69,94.242,140.121,0.034,0.555,0.825,0.096,60,9.182379349167512,0.5573898017759036,2.9073961025044777,9.64778347601147
60,1.0,-0.34,8.958,3.727,-0.183,-0.344,0.488,-6.6,79.1,24.2,0.957,19.755,12.775,5.731,94.232,140.102,0.034,0.555,0.825,0.096,61,9.241486277628338,0.6336505994155233,2.9060817776290238,9.70834141344442
61,1.016667,-0.551,9.014,3.735,-0.318,-1.037,0.196,-5.7,79.1,23.7,0.256,19.391,12.694,5.718,94.241,140.114,0.034,0.555,0.825,0.096,62,9.305327640172225,0.4314365898608025,2.9547862829612717,9.772718250312959
62,1.033333,-0.636,8.96,3.696,-0.292,-2.368,0.488,-5.0,78.5,23.3,0.303,20.092,12.741,5.736,94.218,140.078,0.034,0.555,0.825,0.097,63,9.24355453643137,0.3393701223096387,2.9644627594393183,9.713213268532716
63,1.05,-0.324,9.043,3.778,0.711,-1.518,0.49,-5.1,78.6,23.4,0.384,20.484,12.924,5.771,94.212,140.054,0.034,0.555,0.825,0.097,64,9.33544827206983,0.6576674318470915,2.927624994529882,9.805820159476719
64,1.066667,-0.237,8.955,3.775,1.128,0.896,0.275,-5.6,79.1,24.5,0.026,18.696,12.438,5.813,94.224,140.03,0.034,0.555,0.825,0.097,65,9.25875584840666,0.737799378696748,2.8687821835040324,9.721050303336568
65,1.083333,-0.39,8.956,3.793,0.503,0.71,-0.743,-5.9,78.1,24.1,0.0,19.409,11.959,5.811,94.244,140.013,0.034,0.555,0.825,0.097,66,9.281300377621374,0.5889354862472693,2.8739351581766757,9.733903893094485
66,1.1,-0.451,8.972,3.757,-0.311,-0.061,-0.868,-5.0,80.3,23.5,0.0,19.166,12.587,5.795,94.238,140.0,0.034,0.555,0.825,0.097,67,9.274109099133076,0.5298137120510915,2.9198342158245483,9.737311435914949
67,1.116667,-0.478,9.026,3.75,-0.624,-1.32,-0.863,-5.8,79.1,23.9,0.708,20.073,13.146,5.798,94.216,139.976,0.034,0.555,0.825,0.097,68,9.311491463430885,0.506666782274144,2.9663235659977714,9.78568648588335
68,1.133333,-0.523,9.053,3.668,0.027,-1.347,-0.65,-5.3,78.9,24.6,0.0,19.613,13.251,5.799,94.206,139.961,0.034,0.555,0.825,0.097,69,9.281487785663428,0.4663572592371358,3.053040679607372,9.781848598296747
69,1.15,-0.698,9.13,3.696,-0.191,-0.541,-0.497,-4.8,79.7,24.2,0.0,18.351,10.783,5.814,94.196,139.922,0.034,0.555,0.825,0.098,70,9.368683335183505,0.30086374050600695,3.1051205410907383,9.874437705510124
70,1.166667,-0.705,9.189,3.799,0.0,0.695,-0.427,-5.4,78.8,23.9,0.0,20.565,11.018,5.805,94.183,139.879,0.034,0.555,0.825,0.098,71,9.478451083905835,0.2958702841147452,3.072226037416869,9.968307128093516
71,1.183333,-0.621,9.177,3.788,-0.182,0.488,-0.512,-6.4,78.6,23.6,-1.838,19.059,11.481,5.769,94.175,139.85,0.034,0.556,0.825,0.098,72,9.454762615713435,0.37522704688457986,3.0689709258632467,9.947457665152438
72,1.2,-0.636,9.027,3.722,-0.528,-1.144,-0.156,-5.8,79.3,23.9,-0.314,19.935,14.202,5.746,94.172,139.834,0.034,0.556,0.825,0.099,73,9.298653195693912,0.3427596013689937,3.026891739372379,9.784912314374616
73,1.216667,-0.63,9.026,3.85,-0.301,-3.233,1.624,-4.9,79.1,23.2,0.0,19.852,11.96,5.754,94.158,139.834,0.034,0.555,0.825,0.099,74,9.380569996486418,0.3429485370071489,2.9283730708336093,9.833009508792312
74,1.233333,-0.545,9.064,3.838,0.082,-2.448,1.938,-5.7,79.1,24.1,0.0,18.499,12.916,5.833,94.142,139.812,0.034,0.555,0.825,0.099,75,9.394119051121274,0.4339328643656105,2.95729513619858,9.858162354110425
75,1.25,-0.415,9.083,3.69,0.334,-2.162,1.592,-4.8,79.1,23.9,0.227,20.016,15.005,5.905,94.138,139.804,0.035,0.555,0.825,0.099,76,9.302408233544302,0.5730751297029715,3.070179140083376,9.812706762152837
76,1.266667,-0.41,8.969,3.802,0.38,-0.521,0.549,-4.9,78.8,25.6,0.0,19.589,10.536,5.954,94.116,139.778,0.035,0.555,0.825,0.099,77,9.287174529784323,0.5598997925904856,2.9156759894718114,9.750193075011385
77,1.283333,-0.554,9.058,3.715,-0.053,-1.281,0.685,-5.7,78.8,24.4,0.0,19.613,12.866,5.996,94.089,139.743,0.035,0.555,0.825,0.1,78,9.30643968247045,0.4290182153535259,3.0596778927583506,9.805891341433474
78,1.3,-0.449,8.949,3.614,-0.098,-2.56,1.022,-6.4,79.2,24.1,0.0,20.709,11.959,6.032,94.082,139.729,0.036,0.555,0.825,0.1,79,9.150043187744659,0.5242633627836759,3.057622538648335,9.661635368818262
79,1.316667,-0.415,8.959,3.671,0.081,-1.627,0.936,-4.3,79.5,24.7,0.504,18.657,12.891,6.064,94.08,139.725,0.036,0.555,0.825,0.1,80,9.191961911828098,0.5586871102375853,3.017921788972655,9.690827983201435
80,1.333333,-0.479,9.075,3.83,0.744,-0.77,-0.072,-4.1,80.1,25.0,0.289,20.236,13.294,6.13,94.051,139.683,0.036,0.555,0.825,0.1,81,9.385446192930253,0.5031880387407408,2.9856603218181528,9.861742543790118
81,1.35,-0.415,9.191,3.685,0.198,0.018,-0.829,-4.7,79.1,25.7,0.063,18.367,13.684,6.184,94.03,139.622,0.037,0.555,0.825,0.101,82,9.370786030975646,0.5864322658691087,3.173388939165719,9.910899605989357
82,1.366667,-0.567,9.15,3.736,-0.739,-0.9,-0.899,-5.2,78.6,24.3,0.478,20.513,12.878,6.194,94.007,139.565,0.037,0.555,0.825,0.101,83,9.380702934464727,0.426356372600606,3.1340577050953846,9.899580041597726
83,1.383333,-0.596,9.038,3.71,-0.976,-0.839,-0.152,-4.2,80.0,24.4,-0.303,19.89,13.267,6.219,93.98,139.529,0.037,0.555,0.825,0.102,84,9.279391425748617,0.3822390499389088,3.0905578908094964,9.787990600731082
84,1.4,-0.528,9.048,3.715,-0.902,-1.522,1.455,-4.7,79.0,24.0,-0.408,19.684,14.281,6.269,93.939,139.504,0.037,0.555,0.825,0.102,85,9.28428339381956,0.4471118231936962,3.0900624396291367,9.79521888474168
85,1.416667,-0.512,9.053,3.808,0.159,-1.334,2.112,-5.6,79.0,24.3,0.427,18.443,13.241,6.345,93.914,139.477,0.038,0.555,0.825,0.102,86,9.346230811542133,0.46034754173679915,3.0258662822731273,9.834623378655637
86,1.433333,-0.429,8.989,3.815,-0.69,-1.644,0.784,-5.7,79.2,24.3,-1.04,17.7,13.083,6.375,93.895,139.462,0.038,0.555,0.825,0.102,87,9.29623998128861,0.5331510519796012,2.9725509526439073,9.774476303106985
87,1.45,-0.411,8.908,3.646,-0.661,-0.458,1.005,-6.0,79.1,24.5,-0.429,20.092,11.959,6.389,93.882,139.449,0.038,0.555,0.825,0.103,88,9.122823592390505,0.5466077411027324,3.0479518827385945,9.63403866506669
88,1.466667,-0.427,9.069,3.715,0.27,-0.676,0.784,-5.9,78.7,24.1,0.064,18.274,10.334,6.395,93.877,139.438,0.038,0.555,0.825,0.103,89,9.289737275918203,0.5475347343987662,3.1034339140769087,9.809705143377144
89,1.483333,-0.552,8.977,3.731,-1.367,-0.61,0.496,-5.4,78.8,23.5,-1.344,19.613,9.909,6.401,93.875,139.426,0.038,0.555,0.825,0.103,90,9.23867693599789,0.41174415061284186,3.0477711900168543,9.737124524211447
90,1.5,-0.509,9.043,3.655,-0.436,-1.172,1.119,-5.4,79.9,23.3,0.0,18.852,12.264,6.413,93.864,139.411,0.038,0.555,0.825,0.103,91,9.234943022518063,0.46472022708119964,3.1454439243748324,9.766982901592488
91,1.516667,-0.451,9.028,3.761,-0.194,-1.231,1.342,-4.7,78.6,24.2,0.401,20.138,11.959,6.432,93.853,139.395,0.038,0.555,0.824,0.103,92,9.288353305057825,0.5155072917601454,3.051893037536458,9.790470162356863
92,1.533333,-0.452,9.053,3.778,0.393,-1.627,0.841,-5.8,78.8,23.8,-0.96,19.013,13.038,6.478,93.831,139.369,0.038,0.555,0.824,0.103,93,9.317003447411235,0.5161652122827178,3.059643318191896,9.820101679717986
93,1.55,-0.483,9.045,3.877,1.05,-1.092,0.592,-5.0,78.8,24.6,0.883,20.938,11.996,6.5,93.818,139.368,0.038,0.555,0.824,0.103,94,9.377912428776202,0.47931976503910506,2.983530465915788,9.85273784285363
94,1.566667,-0.328,8.999,3.711,0.619,-1.183,0.216,-4.5,77.9,24.4,0.0,18.612,14.83,6.535,93.812,139.341,0.039,0.555,0.824,0.104,95,9.222719516882208,0.6356043952692838,3.065706731837599,9.739666626738309
95,1.583333,-0.44,8.93,3.653,1.402,-0.913,0.791,-4.9,78.8,23.9,0.703,19.584,12.281,6.585,93.812,139.281,0.039,0.555,0.824,0.104,96,9.136749580950816,0.5220410671424184,3.087100454992009,9.658307771033183
96,1.6,-0.603,9.058,3.668,0.652,-1.162,0.926,-5.1,78.5,23.7,0.0,19.822,11.959,6.623,93.803,139.244,0.039,0.555,0.824,0.104,97,9.251382687005524,0.37703156683425637,3.1835455982575396,9.7910774177309
97,1.616667,-0.658,9.185,3.695,0.686,-1.089,1.606,-5.0,79.6,24.0,0.291,19.323,11.499,6.656,93.814,139.209,0.039,0.555,0.824,0.105,98,9.365922343993832,0.34145580156742195,3.2577784734160558,9.92220812117948
98,1.633333,-0.532,9.203,3.731,1.359,-1.901,2.191,-5.4,77.5,23.2,0.0,19.508,12.649,6.708,93.835,139.174,0.04,0.556,0.824,0.105,99,9.392424223619663,0.47391359653234155,3.2336306385523326,9.94477722224083
99,1.65,-0.408,9.301,3.823,0.959,-1.865,2.641,-5.6,78.6,24.5,0.0,21.838,12.462,6.783,93.854,139.155,0.04,0.556,0.824,0.105,100,9.516668513823975,0.6127801451850589,3.216817509847015,10.06431289259232
100,1.666667,-0.506,9.17,3.751,1.448,-1.944,2.79,-5.6,78.6,24.1,0.0,20.57,12.858,6.862,93.878,139.149,0.041,0.556,0.824,0.105,101,9.376752116239391,0.5106039582577783,3.19855285221482,9.92043028300688
101,1.683333,-0.449,9.21,3.768,1.124,-2.048,3.295,-6.0,79.4,24.5,0.42,21.107,11.621,6.958,93.9,139.141,0.041,0.556,0.824,0.104,102,9.41306011779037,0.5805517456145978,3.2063661502592393,9.961100591802095
102,1.7,-0.312,9.299,3.835,0.855,-1.888,3.659,-5.3,79.8,24.6,-0.409,19.613,12.916,7.043,93.926,139.154,0.042,0.556,0.824,0.104,103,9.514718908091268,0.7335340101836452,3.19499952361724,10.063596275685944
103,1.716667,-0.543,9.147,3.626,-0.47,-2.718,3.676,-5.6,79.7,25.3,0.175,19.31,12.005,7.128,93.927,139.151,0.042,0.556,0.824,0.104,104,9.278322795187673,0.4998302460726478,3.282259866831354,9.854457570054276
104,1.733333,-0.518,9.215,3.608,-0.137,-2.613,4.074,-6.1,79.2,24.1,0.186,18.271,11.295,7.23,93.938,139.153,0.043,0.556,0.824,0.104,105,9.315308416014165,0.5421687022698914,3.3366592892914104,9.909702972339787
105,1.75,-0.393,9.285,3.509,-0.781,-1.843,4.206,-5.4,78.6,23.4,0.0,20.559,11.035,7.307,93.957,139.177,0.043,0.556,0.824,0.104,106,9.294895686629955,0.6875210941306937,3.436711206923442,9.93371808538978
106,1.766667,-0.331,9.179,3.561,-1.983,-1.119,4.317,-5.0,78.8,23.6,-0.142,21.987,12.154,7.392,93.966,139.215,0.044,0.556,0.824,0.103,107,9.247279803934715,0.7376255350168954,3.314822438356574,9.851107704212763
107,1.783333,-0.201,9.138,3.538,-3.139,-0.731,3.234,-6.5,78.6,23.4,0.0,19.288,13.414,7.482,93.938,139.253,0.044,0.556,0.824,0.103,108,9.194783984902188,0.8618634083401832,3.2823814428476297,9.801065707360603
108,1.8,-0.175,9.16,3.482,-6.08,-0.823,1.815,-5.6,79.3,23.9,-0.939,18.665,11.742,7.53,93.868,139.328,0.045,0.555,0.824,0.103,109,9.178026065887204,0.8838903192168647,3.3231196844967448,9.801048362292677
109,1.816667,-0.357,9.023,3.476,-6.782,1.146,1.04,-6.1,79.3,24.3,0.0,18.643,12.923,7.529,93.758,139.425,0.045,0.555,0.825,0.103,110,9.090276801792067,0.6663639898293172,3.2476731208450955,9.6759781934438
110,1.833333,-0.519,9.058,3.474,-4.248,1.99,1.535,-5.4,79.3,24.2,0.0,17.7,12.518,7.478,93.696,139.502,0.044,0.554,0.825,0.103,111,9.131017740509735,0.49682351867012875,3.280713704941763,9.715214922995784
111,1.85,-0.406,9.168,3.591,-4.309,2.839,2.605,-5.4,79.6,24.4,0.953,19.617,13.869,7.434,93.655,139.571,0.044,0.554,0.825,0.102,112,9.287797318482706,0.6063095761337635,3.2375223039654757,9.8545594016171
112,1.866667,-0.673,9.166,3.773,-5.913,1.414,4.0,-5.6,78.2,23.1,0.084,19.924,11.565,7.414,93.572,139.665,0.044,0.553,0.826,0.102,113,9.427777563498946,0.3150439456956188,3.117975549209198,9.93498938097067
113,1.883333,-0.735,9.112,3.815,-6.419,0.769,4.784,-6.2,78.1,24.0,0.166,18.197,13.043,7.405,93.466,139.777,0.044,0.552,0.826,0.102,114,9.42461926498366,0.22426592840660958,3.041258046180027,9.905705123816274
114,1.9,-0.492,8.899,3.689,-6.775,0.583,4.636,-6.0,79.2,24.8,-0.743,18.691,11.729,7.405,93.36,139.914,0.044,0.552,0.827,0.101,115,9.174760225905862,0.4253536793887944,2.9471740777507813,9.645879223792921
115,1.916667,-0.475,8.934,3.882,-5.912,2.441,4.143,-6.0,79.3,25.9,-0.957,19.284,13.065,7.397,93.256,140.044,0.044,0.551,0.827,0.101,116,9.332746596685237,0.4152508207716093,2.799877268365278,9.752533260645665
116,1.933333,-0.605,8.762,3.956,-2.066,2.108,6.319,-6.0,78.9,24.7,0.2,18.034,14.084,7.381,93.202,140.167,0.044,0.55,0.828,0.1,117,9.263070614905205,0.24855904607935447,2.631035192446469,9.632684205350033
117,1.95,-0.615,8.902,4.026,-0.562,0.952,7.989,-5.9,78.8,24.7,-1.36,18.611,13.274,7.412,93.203,140.27,0.044,0.55,0.828,0.1,118,9.420183084657957,0.2514611345475625,2.6513058950894606,9.789407796184607
118,1.966667,-0.626,8.865,4.229,-1.079,-0.961,8.482,-5.8,79.9,25.0,-0.097,18.663,13.498,7.496,93.181,140.367,0.044,0.55,0.828,0.099,119,9.52729333148931,0.22116711229274283,2.458924334785321,9.841978561244686
119,1.983333,-0.538,8.84,4.039,-0.524,-1.92,8.338,-4.8,78.9,24.2,0.0,20.87,13.274,7.622,93.167,140.461,0.045,0.55,0.828,0.098,120,9.385281742966571,0.31902503566753754,2.56188887966588,9.73388745568799
120,2.0,-0.405,8.844,4.099,-1.061,-1.939,7.144,-5.7,79.4,24.4,0.435,20.223,11.569,7.779,93.126,140.521,0.046,0.549,0.829,0.098,121,9.422130469922486,0.4460468423571823,2.4913172463942526,9.756134582917559
121,2.016667,-0.254,8.656,4.034,-0.818,-1.667,5.562,-5.7,79.3,24.1,0.271,20.092,14.009,7.905,93.087,140.584,0.047,0.549,0.829,0.098,122,9.231124327952843,0.5736319806408852,2.391923492226122,9.553219771365047
122,2.033333,-0.148,8.767,4.051,2.376,-1.741,5.549,-5.0,78.7,25.7,0.478,18.178,12.862,8.024,93.098,140.621,0.047,0.549,0.829,0.097,123,9.322662103852222,0.6976280984882677,2.4277727104482585,9.658819493085062
123,2.05,-0.086,8.832,4.019,3.264,-2.984,4.062,-7.3,78.2,24.5,0.929,18.713,12.466,8.174,93.126,140.604,0.048,0.549,0.829,0.097,124,9.34724956924458,0.7811619691354458,2.4865020547414507,9.703812704293092
124,2.066667,-0.025,8.988,3.978,2.552,-2.929,2.404,-6.1,79.2,25.4,0.0,18.14,11.921,8.296,93.157,140.597,0.049,0.549,0.829,0.097,125,9.436229250920293,0.8759589561135013,2.607590157843214,9.829000610438479
125,2.083333,-0.249,9.097,3.91,1.461,-2.932,2.354,-5.7,78.8,25.5,0.957,20.184,12.056,8.374,93.18,140.575,0.049,0.549,0.829,0.097,126,9.48690090534755,0.6824716254888809,2.7637752608557764,9.904822562772138
126,2.1,-0.257,9.191,3.889,-0.166,-2.835,2.533,-5.5,79.2,23.9,0.205,18.723,11.547,8.483,93.172,140.532,0.05,0.549,0.828,0.097,127,9.543522947866693,0.6938978507422674,2.846845010933527,9.9832284858156
127,2.116667,-0.214,9.098,3.905,-1.163,-3.356,3.391,-5.7,79.2,24.5,0.368,19.613,11.849,8.597,93.128,140.53,0.051,0.549,0.829,0.098,128,9.480375724124022,0.7206922291944036,2.769747974133881,9.902950317960805
128,2.133333,-0.026,9.037,3.901,0.631,-3.288,4.434,-7.3,78.8,24.3,0.712,21.842,12.438,8.744,93.114,140.534,0.052,0.549,0.829,0.098,129,9.421003418627063,0.9028079791525826,2.704714095610774,9.843060804444926
129,2.15,0.083,9.065,3.974,0.327,-3.197,3.671,-8.8,78.0,25.0,0.478,21.527,12.793,8.859,93.135,140.566,0.052,0.549,0.829,0.097,130,9.484270032600604,1.016273791903728,2.643785076098991,9.898171043177623
130,2.166667,-0.119,9.205,3.768,-1.205,-2.542,3.222,-5.8,79.0,24.4,0.478,19.135,12.561,8.921,93.16,140.625,0.053,0.549,0.829,0.097,131,9.47296182701157,0.8598182867867623,2.9099341466240616,9.947060369777596
131,2.183333,-0.173,9.157,3.705,-2.158,-3.829,4.507,-5.8,79.2,23.4,0.205,19.887,12.439,9.042,93.123,140.63,0.053,0.549,0.829,0.097,132,9.399236262001871,0.8051361828337704,2.9349133578627056,9.879656016279108
132,2.2,-0.185,9.151,3.789,-2.398,-4.178,6.748,-6.7,78.6,24.1,-0.477,17.985,11.673,9.213,93.084,140.656,0.054,0.548,0.829,0.097,133,9.450453948322105,0.7866647441971404,2.863848067003628,9.906136835315774
133,2.216667,-0.105,9.196,3.725,-2.777,-4.668,7.628,-6.3,79.9,24.8,0.329,19.394,11.512,9.394,93.046,140.717,0.055,0.548,0.829,0.096,134,9.443074546322066,0.8791780882145156,2.91692560786314,9.92235183814805
134,2.233333,-0.01,9.054,3.798,-3.055,-4.393,7.723,-6.5,80.0,24.5,0.0,19.585,12.438,9.592,93.005,140.789,0.056,0.548,0.829,0.096,135,9.37953757434037,0.9465404798123284,2.7437485328677322,9.818341000393092
135,2.25,-0.078,8.968,3.815,-2.894,-4.607,7.243,-6.3,79.6,26.0,-0.849,16.905,15.624,9.783,92.953,140.854,0.058,0.547,0.829,0.095,136,9.331312701257566,0.8642531497972149,2.6767522792396785,9.746041914541513
136,2.266667,0.157,8.915,3.732,-3.482,-5.441,6.912,-7.3,78.7,24.3,0.957,18.863,13.123,9.999,92.888,140.925,0.059,0.547,0.83,0.095,137,9.229942138521647,1.093706019316648,2.6536151308833293,9.665903889445621
137,2.283333,0.13,8.89,3.769,-3.51,-4.366,6.487,-6.8,78.2,24.9,-0.611,18.524,13.134,10.194,92.821,141.001,0.06,0.546,0.83,0.095,138,9.240022111606457,1.0557155413229296,2.6003494136044445,9.656829759294714
138,2.3,-0.087,8.899,3.794,-2.956,-4.822,6.813,-6.5,78.0,24.5,0.599,17.4,11.838,10.37,92.764,141.073,0.061,0.546,0.83,0.094,139,9.2772186454783,0.8379701006739764,2.6125134094136633,9.674409852802391
139,2.316667,-0.111,8.974,3.92,-2.69,-6.157,7.882,-6.8,79.0,24.7,0.0,19.425,12.443,10.571,92.695,141.121,0.062,0.545,0.83,0.094,140,9.418933640931753,0.8081738067886453,2.557721870287081,9.793436424463069
140,2.333333,-0.071,9.004,3.948,-3.36,-8.297,8.269,-7.5,78.4,24.1,1.39,19.613,13.365,10.819,92.611,141.174,0.064,0.545,0.831,0.094,141,9.461179859929496,0.8444390360508477,2.537076934674619,9.831773034402287
141,2.35,0.224,8.824,3.911,-2.56,-6.259,6.601,-8.1,78.3,25.1,0.0,19.556,12.16,11.054,92.542,141.241,0.065,0.544,0.831,0.094,142,9.289325734621945,1.1073746012362005,2.3856281958065906,9.654484605612046
142,2.366667,0.426,8.688,3.815,-0.926,-2.316,4.417,-6.0,79.0,25.6,1.106,18.146,12.948,11.207,92.514,141.313,0.066,0.544,0.831,0.093,143,9.118175824135447,1.2957689333868163,2.3231223625589563,9.49826536795009
143,2.383333,0.248,8.863,3.938,0.786,0.133,2.649,-5.7,79.9,24.3,0.231,18.921,12.933,11.293,92.508,141.338,0.066,0.544,0.831,0.093,144,9.340070466858053,1.1351152066834291,2.365737547083781,9.701655374213205
144,2.4,-0.068,8.94,3.967,0.655,-0.878,2.295,-7.5,78.9,24.1,0.313,18.344,13.726,11.362,92.502,141.302,0.067,0.544,0.831,0.094,145,9.429923489079359,0.8369989989117319,2.457903306871558,9.780864634581137
145,2.416667,-0.083,8.884,4.011,0.136,-2.036,3.771,-8.1,78.3,24.3,0.0,18.43,11.062,11.412,92.503,141.317,0.067,0.544,0.831,0.093,146,9.415531250523532,0.8097395993388122,2.3900960339863757,9.74784417191822
146,2.433333,0.059,9.031,4.019,0.968,-2.685,4.444,-8.2,80.2,25.0,0.0,19.613,12.922,11.486,92.521,141.335,0.068,0.544,0.831,0.093,147,9.528717197874872,0.976542195920625,2.4422769913566653,9.88507981758367
147,2.45,0.212,9.116,4.086,0.68,-2.348,3.987,-7.0,78.8,24.1,0.478,19.933,12.678,11.557,92.554,141.374,0.068,0.544,0.831,0.093,148,9.631212424452446,1.1385416384703724,2.405258026188052,9.992086668959592
148,2.466667,0.199,8.978,3.952,-0.545,-2.136,1.995,-7.3,78.8,24.2,0.0,18.502,12.438,11.63,92.543,141.388,0.068,0.544,0.831,0.093,149,9.441059257636935,1.1218328970204385,2.4228660806884643,9.81133981676305
149,2.483333,0.233,8.887,3.898,-1.466,-1.765,0.748,-6.7,79.4,25.5,0.0,19.839,12.401,11.679,92.504,141.404,0.069,0.544,0.831,0.093,150,9.336420068731988,1.1427113400791669,2.398527275941029,9.707083084016539
150,2.5,0.109,8.729,3.815,-1.655,-2.83,1.312,-6.8,79.8,26.4,0.611,21.394,11.94,11.739,92.448,141.39,0.069,0.544,0.831,0.093,151,9.167177706102446,1.000895141653453,2.3921974876988674,9.526885482674807
151,2.516667,0.144,8.861,3.845,-2.367,-5.662,1.844,-7.2,78.9,25.2,0.0,19.135,12.725,11.859,92.368,141.361,0.07,0.543,0.831,0.093,152,9.286888341870629,1.0453735099705797,2.4460133176823033,9.660335501420228
152,2.533333,0.229,8.922,3.681,-3.065,-4.273,1.359,-7.2,80.1,24.1,0.938,16.798,12.907,11.99,92.287,141.35,0.071,0.543,0.832,0.094,153,9.228193112323192,1.153569477444304,2.591141706348708,9.654236686553734
153,2.55,0.412,9.008,3.77,-3.139,-0.559,-1.1,-7.1,78.4,25.4,0.09,20.895,11.065,12.038,92.228,141.359,0.071,0.543,0.832,0.094,154,9.34555175553742,1.3262648595873292,2.5354273617666956,9.773776547476414
154,2.566667,0.219,9.077,3.807,-2.75,2.441,-2.552,-8.0,79.6,23.1,-0.614,19.649,13.259,11.98,92.182,141.356,0.07,0.542,0.832,0.094,155,9.430584959674032,1.1335081671791034,2.5908233350246364,9.845462863674818
155,2.583333,-0.114,8.941,4.018,-2.083,1.458,-0.682,-7.2,79.2,23.9,1.209,19.587,12.185,11.858,92.159,141.392,0.07,0.542,0.832,0.094,156,9.47256270765738,0.7470612424768499,2.4106547346079426,9.802999591961639
156,2.6,-0.048,9.026,4.104,-1.994,-2.186,1.31,-7.0,78.8,24.0,0.145,19.613,10.524,11.843,92.099,141.407,0.07,0.542,0.832,0.094,157,9.591760893774854,0.8020625435507307,2.380885262435876,9.915331361079165
157,2.616667,-0.049,9.019,4.078,-1.888,-3.293,1.646,-8.2,81.3,24.2,0.094,19.357,14.223,11.891,92.025,141.42,0.07,0.542,0.832,0.095,158,9.571529255810795,0.7927793694089494,2.3941960188333704,9.898224386222003
158,2.633333,0.188,8.828,4.235,-1.092,-3.089,1.35,-6.8,79.3,25.9,0.957,19.613,13.394,11.942,91.964,141.453,0.07,0.541,0.833,0.095,159,9.5159883673427,0.9635848398415288,2.1027654764680785,9.793066577941765
159,2.65,0.304,8.845,4.008,-0.483,-2.235,0.416,-7.4,79.5,25.3,1.62,19.907,13.199,12.004,91.918,141.432,0.071,0.541,0.833,0.095,160,9.382591198777964,1.107122193490961,2.265340558347473,9.71547760020062
160,2.666667,0.097,8.867,3.962,-0.915,-1.673,0.162,-5.7,78.6,25.1,0.0,18.956,14.169,12.031,91.895,141.414,0.071,0.541,0.833,0.095,161,9.377096948233488,0.9126406372018232,2.359593585929169,9.712391157691293
161,2.683333,0.004,8.85,3.874,-1.384,-3.779,1.285,-7.0,79.3,24.9,0.26,19.177,12.001,12.084,91.863,141.379,0.071,0.541,0.833,0.096,162,9.310395997004902,0.8297947158670496,2.4409750323332298,9.660765601131207
162,2.7,0.037,9.008,3.926,-1.251,-3.506,1.701,-6.8,79.3,25.2,0.0,18.86,11.344,12.187,91.804,141.331,0.072,0.541,0.833,0.096,163,9.463334377497606,0.8755857474576972,2.497510972652764,9.82643928389119
163,2.716667,0.078,8.96,3.905,-0.763,-1.892,1.75,-7.7,79.2,24.9,0.113,19.135,14.548,12.259,91.772,141.305,0.072,0.541,0.833,0.096,164,9.410815871889374,0.9099056751108365,2.478976661406104,9.774288158224108
164,2.733333,0.086,9.069,3.96,-0.182,-1.037,1.403,-6.8,79.0,24.9,0.454,18.681,11.935,12.264,91.772,141.298,0.072,0.541,0.833,0.096,165,9.529479477515086,0.9272215861713202,2.503005796588723,9.896249643172913
165,2.75,0.318,8.946,4.062,0.191,-1.638,0.105,-6.9,77.5,25.8,-0.211,18.445,11.904,12.306,91.75,141.279,0.073,0.541,0.833,0.097,166,9.49085320283925,1.118282411978996,2.303265926725441,9.830151779092732
166,2.766667,0.369,8.731,3.984,-0.628,-2.761,0.228,-7.4,78.6,25.1,0.292,20.278,11.668,12.358,91.717,141.257,0.073,0.541,0.833,0.097,167,9.273048563020938,1.1431982414628115,2.2231612916231858,9.604102144396427
167,2.783333,0.321,8.857,3.92,-0.83,-2.876,0.499,-7.7,79.3,24.9,0.536,19.46,13.337,12.434,91.681,141.24,0.073,0.54,0.833,0.097,168,9.331682148955199,1.1234631166417066,2.3608110674970524,9.691021102030478
168,2.8,0.311,8.871,3.859,-0.045,-2.328,-0.424,-7.0,78.5,24.0,1.176,19.265,11.521,12.476,91.672,141.212,0.074,0.54,0.832,0.097,169,9.303203796940535,1.1262840292336933,2.4218023036747502,9.679010434956664
169,2.816667,0.212,8.893,3.866,0.815,-0.802,-1.166,-6.5,78.9,25.2,0.957,19.613,11.1,12.49,91.668,141.176,0.074,0.54,0.832,0.098,170,9.325905454654302,1.0332600478609653,2.456869985233959,9.699296314681805
170,2.833333,0.439,8.775,3.805,0.414,0.65,-2.146,-7.7,80.0,25.7,0.032,18.624,13.078,12.493,91.684,141.115,0.074,0.541,0.832,0.098,171,9.186383186965323,1.2500199130893728,2.391481791509378,9.574516750207293
171,2.85,0.333,9.021,3.84,-0.36,0.858,-2.984,-6.9,78.5,25.5,0.592,17.286,13.468,12.448,91.697,141.065,0.073,0.541,0.832,0.098,172,9.399386029949031,1.1821922461677952,2.547330711372149,9.809940366791228
172,2.866667,0.225,9.051,3.823,-0.425,0.205,-1.716,-7.5,80.1,24.7,0.194,18.089,11.765,12.402,91.696,141.037,0.073,0.541,0.832,0.099,173,9.413675617897683,1.0827619355948588,2.60708514472113,9.827845898262753
173,2.883333,0.094,9.094,4.049,0.454,-1.07,0.029,-7.3,79.8,24.7,0.0,20.149,14.279,12.401,91.688,141.025,0.073,0.541,0.832,0.099,174,9.593457969373603,0.9271844135160268,2.4919803878030518,9.955102862351549
174,2.9,0.125,9.161,3.955,0.019,-1.028,0.299,-7.6,79.0,24.8,-0.009,18.9,12.785,12.409,91.68,141.012,0.073,0.541,0.832,0.099,175,9.584306140265854,0.9814482799191784,2.5998857827808437,9.979056618739069
175,2.916667,0.08,9.066,3.938,-1.171,-0.331,0.536,-7.5,78.8,24.9,0.122,19.217,14.147,12.407,91.683,141.0,0.073,0.541,0.832,0.099,176,9.500775244866142,0.9258600757987671,2.5660578455250365,9.884664890627299
176,2.933333,0.091,8.979,3.85,-0.474,0.077,1.301,-7.2,78.8,24.9,0.876,19.452,13.833,12.412,91.686,140.985,0.073,0.541,0.832,0.099,177,9.376667575774466,0.9371392824047863,2.5793598311971957,9.770016479003502
177,2.95,0.091,8.882,3.89,-0.557,-1.783,2.237,-7.0,79.3,23.6,1.191,20.926,12.56,12.441,91.678,140.988,0.073,0.541,0.832,0.099,178,9.327314214491416,0.9157216190648294,2.4885675519309647,9.696922449932247
178,2.966667,0.035,8.841,4.017,-1.279,-2.012,1.413,-8.1,79.7,25.8,0.823,19.888,11.692,12.497,91.651,140.996,0.074,0.541,0.832,0.099,179,9.37844198114956,0.8332910810726524,2.377235154631596,9.710859642688696
179,2.983333,0.261,8.888,3.9,-0.431,-0.959,1.292,-7.1,79.8,24.2,0.577,18.469,13.301,12.519,91.646,141.008,0.074,0.541,0.832,0.099,180,9.33485173275313,1.0785547367562145,2.4437528122411694,9.709514148504033
180,3.0,0.123,9.0,3.848,0.394,0.671,1.092,-6.8,79.1,25.8,0.111,18.031,13.358,12.52,91.658,141.006,0.074,0.541,0.832,0.099,181,9.39203988855995,0.9715591931245304,2.582226261572375,9.788883133432538
181,3.016667,0.056,9.122,3.933,0.216,1.265,0.903,-8.0,80.3,24.5,0.45,19.556,12.945,12.505,91.675,140.986,0.074,0.541,0.832,0.099,182,9.540899066469214,0.9156343078063759,2.610625943679954,9.933907036005522
182,3.033333,-0.015,9.056,3.935,0.165,0.646,1.911,-7.4,79.1,25.3,0.053,19.507,12.863,12.467,91.706,140.996,0.074,0.541,0.832,0.099,183,9.493266106928363,0.8386360369551312,2.582668043044897,9.873985314957682
183,3.05,0.185,8.972,4.044,-0.61,-1.237,2.237,-7.6,78.7,24.4,0.0,18.521,12.583,12.487,91.704,141.013,0.074,0.541,0.832,0.099,184,9.492430756580383,1.0041667410816404,2.402155800033009,9.843015036054753
184,3.066667,0.15,8.858,4.079,-1.049,-2.374,2.26,-8.1,79.3,25.3,0.434,19.875,12.96,12.533,91.679,141.046,0.074,0.541,0.832,0.099,185,9.429295407446993,0.9432512632268921,2.3072863223969207,9.753199731370213
185,3.083333,0.263,8.883,4.07,-0.976,-2.304,1.491,-7.8,78.6,25.2,0.0,18.836,13.394,12.578,91.648,141.065,0.074,0.541,0.832,0.099,186,9.441036726075025,1.0548839105175525,2.301261278567413,9.774546434489936
186,3.1,0.209,8.922,3.945,-1.077,-0.595,0.403,-7.6,78.8,24.8,-1.143,19.321,13.093,12.58,91.647,141.074,0.074,0.541,0.832,0.098,187,9.394014848722811,1.0269257065224835,2.4303700572667215,9.757499167307165
187,3.116667,0.194,8.882,3.966,-1.604,-1.018,0.202,-9.0,78.2,24.5,0.416,20.461,14.336,12.587,91.63,141.063,0.074,0.541,0.832,0.099,188,9.376577499720378,1.0006378299472014,2.3948349264648887,9.729168309778592
188,3.133333,0.141,8.857,3.975,-1.307,-1.402,1.137,-8.2,79.4,24.3,-0.824,17.354,12.438,12.569,91.624,141.097,0.074,0.54,0.832,0.098,189,9.366025927809787,0.9406931302445861,2.378993433010161,9.709117107131833
189,3.15,0.222,8.869,3.991,-0.626,-0.879,1.776,-7.1,79.1,24.7,0.66,19.863,12.734,12.579,91.617,141.128,0.074,0.54,0.832,0.098,190,9.38466981919616,1.0173944578919705,2.3514690943576957,9.72813065290552
190,3.166667,0.221,8.989,4.046,-0.815,-1.311,1.762,-7.7,78.8,24.4,0.0,19.153,12.171,12.61,91.596,141.144,0.074,0.54,0.832,0.098,191,9.513440948249643,1.0243426427063385,2.3803868329539037,9.860074949005204
191,3.183333,0.257,9.068,4.002,-2.563,-1.643,1.062,-8.2,79.0,25.2,0.312,18.657,13.352,12.641,91.56,141.165,0.075,0.54,0.833,0.098,192,9.547457342303755,1.0732858245193948,2.4504678809925,9.915174078149109
192,3.2,0.287,8.944,3.96,-2.309,-0.36,1.677,-7.5,78.6,24.5,0.394,20.316,13.648,12.645,91.512,141.216,0.075,0.54,0.833,0.098,193,9.427242110917387,1.079838085490043,2.3916857843937347,9.785658128097465
193,3.216667,0.609,8.615,3.928,-2.853,2.248,1.998,-8.1,78.5,25.2,0.0,17.227,11.967,12.652,91.475,141.291,0.075,0.539,0.833,0.098,194,9.147566009807537,1.338788962647161,2.1325970575117883,9.487796899175276
194,3.233333,2.311,8.852,5.23,-9.544,3.275,8.531,-7.5,79.4,24.5,4.467,18.254,14.351,12.702,91.385,141.519,0.075,0.538,0.834,0.096,195,10.118887049096008,2.810770558724087,0.8713315980997121,10.538098737438364
195,3.25,7.153,11.559,10.079,-45.551,-46.139,31.034,-6.3,79.2,24.6,5.745,20.897,19.613,13.338,90.73,141.95,0.079,0.534,0.836,0.096,196,15.227053524526633,6.967167403905887,-2.4408093590349056,16.922237765732994
196,3.266667,17.925,14.521,15.182,-115.639,-176.307,77.386,-8.9,78.9,26.7,19.135,24.648,23.683,16.404,88.305,142.656,0.097,0.521,0.842,0.1,197,21.22599410463288,15.653312435995632,-8.190798132733768,27.616266764354666
197,3.283333,30.893,14.63,18.128,-193.274,-410.744,123.557,-9.8,79.3,28.5,31.898,26.807,26.004,23.739,83.066,142.991,0.141,0.494,0.85,0.113,198,25.567847596152482,23.078803854958753,-17.626477666404625,38.691584782740556
198,3.3,50.241,7.594,4.8,-192.529,-557.736,90.568,-10.4,78.2,29.6,50.229,17.986,12.63,34.892,75.672,141.241,0.211,0.457,0.853,0.139,199,18.990361542950982,38.278785063102504,-27.909992826240728,51.0378968708547
199,3.316667,66.285,0.003,-15.272,-195.524,-433.77,-138.538,-12.8,76.5,32.5,66.463,9.609,-5.252,42.941,68.462,136.91,0.266,0.423,0.847,0.182,200,10.901490089738191,56.03400866915067,-36.990304192975856,68.02157906135376
200,3.333333,58.427,-2.481,-13.504,-292.855,-259.561,-469.356,-11.9,76.1,33.0,56.725,6.68,-5.17,42.835,61.923,130.453,0.275,0.398,0.838,0.254,201,11.878384095819658,47.52058780347165,-34.68321542309364,60.018561345637075
201,3.35,34.709,-3.352,-6.804,-511.989,-241.231,-814.324,-6.2,74.8,35.1,33.66,6.741,4.696,36.293,53.415,121.094,0.246,0.362,0.822,0.365,202,10.832316559799082,27.27381148391236,-20.026111107459503,35.528087494262905
202,3.366667,4.195,-21.354,-0.423,-858.506,-355.122,-1128.769,1.5,69.2,40.7,3.416,-11.158,9.823,25.539,39.973,107.554,0.186,0.291,0.782,0.518,203,-8.180400264968327,2.0727664301462707,-20.063772347964992,21.766264493477053
203,3.383333,-10.702,-81.832,13.033,-1232.746,-219.331,-1274.943,6.0,57.8,49.1,-14.211,-73.218,25.551,10.024,21.758,90.406,0.078,0.169,0.704,0.685,204,-18.41531640228738,-20.75797759542491,-78.80895003076415,83.5515895539995
204,3.4,-40.484,-151.885,27.033,-936.12,93.553,-885.771,8.5,43.3,51.8,-38.026,-129.991,40.662,-7.963,7.693,75.214,-0.065,0.062,0.609,0.788,205,-11.830742716651818,-67.08786363379208,-144.21526496812362,159.49542491871043
205,3.416667,-54.829,-53.868,46.393,-157.865,173.763,-332.985,9.0,34.8,49.1,-53.053,-39.775,50.871,-16.531,4.907,66.695,-0.136,0.04,0.548,0.825,206,-38.08056920786523,-67.42392299474001,-45.433203395802444,89.77912404339885
206,3.433333,-43.83,-11.151,20.904,364.621,-108.045,151.597,8.4,31.8,47.4,-42.843,-0.21,28.645,-13.331,6.891,66.607,-0.11,0.057,0.547,0.828,207,-39.06486617941414,-28.506062315901776,-11.988809725172482,49.8235979933204
207,3.45,-0.821,-1.882,-14.225,413.931,-151.818,301.796,7.5,35.1,49.9,0.583,8.694,-5.866,-5.077,8.936,70.43,-0.042,0.073,0.576,0.813,208,-2.2203177635909648,12.580686608192508,-6.585066703923964,14.372424638870086
208,3.466667,24.663,23.989,-15.131,60.775,60.146,55.344,6.9,39.2,52.5,23.559,32.739,-6.069,-1.577,11.172,73.005,-0.013,0.091,0.594,0.799,209,19.52425335246228,25.752874724569033,19.19051394438198,37.585673480729334
209,3.483333,5.397,9.014,-3.056,-206.226,8.888,-202.253,7.9,38.1,52.4,4.88,18.433,2.774,-3.899,10.288,71.025,-0.032,0.084,0.58,0.81,210,3.7545241836016556,6.597506050537356,7.880063646181628,10.941615100157746
210,3.5,-9.215,-3.902,8.946,-178.246,-86.393,-170.685,6.9,35.7,51.2,-10.342,4.238,19.727,-6.655,7.268,68.068,-0.055,0.06,0.559,0.825,211,-7.813149039325858,-10.831452586926527,-1.34427748119354,13.422844147199207
211,3.516667,-7.772,-5.596,11.807,-9.385,-12.799,-28.314,5.6,33.7,50.6,-8.024,5.487,18.729,-7.318,5.762,66.869,-0.06,0.047,0.55,0.831,212,-6.294584438617446,-13.757591605189372,-1.4937633580785317,15.202777673833163
212,3.533333,-5.845,-2.181,8.349,105.601,23.479,81.71,6.0,34.0,51.0,-3.821,8.847,15.899,-6.484,6.84,67.479,-0.053,0.056,0.555,0.828,213,-4.880933826525502,-9.194415347658316,0.5155563944170805,10.422407927153879
213,3.55,0.014,0.784,5.188,85.202,20.866,82.489,5.7,34.9,52.6,0.0,12.516,12.838,-5.15,8.304,68.702,-0.042,0.068,0.564,0.822,214,0.43852004313435544,-4.533109460700656,2.605535413130217,5.246922526586418
214,3.566667,2.883,2.178,3.928,20.746,1.622,28.714,7.4,36.6,51.3,2.024,11.959,12.352,-4.53,8.97,69.345,-0.037,0.073,0.568,0.819,215,3.025045275100249,-2.4657446107794576,3.6405716031971846,5.337092560561414
215,3.583333,1.154,0.223,5.3,-29.738,0.788,-12.662,6.8,36.4,51.9,0.957,11.481,14.695,-4.74,8.831,69.307,-0.039,0.072,0.568,0.819,216,1.7155317605568765,-4.671289487067375,2.16966594353473,5.428760908347319
216,3.6,-1.205,-1.609,8.217,-38.643,15.807,-14.402,7.8,35.1,50.9,0.0,8.132,15.852,-5.437,8.556,69.012,-0.045,0.07,0.566,0.82,217,-0.09410535422319288,-8.355131858797229,1.3201934723433884,8.459314097490411
217,3.616667,-3.299,-2.711,10.544,-10.668,20.427,6.156,7.8,35.3,51.3,-3.63,6.465,19.233,-6.12,8.615,68.915,-0.05,0.071,0.565,0.821,218,-1.7566207334583375,-11.202876043815646,0.9048259201005171,11.375801422317462
218,3.633333,-3.65,-2.239,11.877,5.311,-0.983,17.816,7.6,36.1,50.9,-2.87,7.523,21.311,-6.166,8.773,69.07,-0.051,0.072,0.566,0.82,219,-2.000871551868765,-12.342736722681652,1.7470298301654896,12.625321778077579
219,3.65,-0.976,-1.434,11.127,16.657,2.893,19.207,6.9,35.0,51.4,-0.426,7.28,19.774,-5.935,8.93,69.332,-0.049,0.073,0.568,0.818,220,0.47151120490252696,-10.976876594107162,2.4708133117242377,11.261396938213304
220,3.666667,-0.694,-0.415,10.405,6.208,20.484,8.789,7.6,35.4,50.2,0.0,11.226,18.84,-5.904,9.227,69.418,-0.048,0.076,0.569,0.818,221,0.5719766083692961,-9.923428064727473,3.18061380926033,10.43637322061644
221,3.683333,-2.538,-0.382,10.309,-5.636,11.36,0.312,8.1,35.9,51.6,-1.812,9.119,18.28,-6.114,9.449,69.368,-0.05,0.077,0.568,0.818,222,-1.2274296084100806,-10.121244134558232,2.9860815000714265,10.623692813706539
222,3.7,-3.012,-0.913,10.127,-7.743,-5.11,0.149,8.3,35.8,50.3,0.0,8.709,19.174,-6.318,9.415,69.295,-0.052,0.077,0.568,0.818,223,-1.646945912836451,-10.202575873319972,2.3784147471247556,10.604802779872902
223,3.716667,-2.752,-1.267,9.651,8.284,-6.954,6.859,6.9,36.5,50.7,-3.1,8.195,19.197,-6.361,9.353,69.28,-0.052,0.077,0.567,0.818,224,-1.4025712128862446,-9.833717782799658,1.910859115956115,10.115364254439877
224,3.733333,-2.917,-1.031,9.709,18.156,0.362,11.01,7.4,36.2,50.1,-2.438,8.755,16.841,-6.24,9.518,69.358,-0.051,0.078,0.568,0.818,225,-1.5607893295160635,-9.842737796820808,2.1262597047171505,10.19002114816255
225,3.75,-2.717,-0.17,9.873,12.658,4.836,12.101,7.1,36.5,50.3,-2.471,9.767,18.205,-6.104,9.797,69.455,-0.05,0.08,0.569,0.817,226,-1.4253064196365206,-9.688523112489808,2.998022599797026,10.241441207173919
226,3.766667,-2.576,0.204,9.321,1.006,10.748,14.521,7.8,36.0,49.8,-1.364,10.662,19.41,-6.145,10.069,69.602,-0.05,0.082,0.57,0.816,227,-1.3692983875208862,-9.044114964462498,3.144429906281617,9.672560829480474
227,3.783333,-2.303,0.476,9.494,-5.937,10.201,13.104,8.3,36.0,49.5,-1.789,9.869,17.966,-6.3,10.277,69.762,-0.052,0.084,0.571,0.815,228,-1.09534097823631,-9.084378246787152,3.455534837141236,9.78092127562634
228,3.8,-2.159,0.292,9.591,-10.948,4.534,8.707,7.7,37.0,49.9,-0.957,10.032,19.108,-6.488,10.348,69.875,-0.053,0.085,0.572,0.814,229,-0.9080096148945396,-9.217979544500034,3.307294612887999,9.835335581463399
229,3.816667,-2.109,0.037,9.499,-5.875,-2.908,6.417,7.7,37.0,50.6,-1.36,10.374,19.791,-6.616,10.308,69.954,-0.054,0.084,0.572,0.814,230,-0.8396653170377189,-9.209740327041109,3.025871157838131,9.730377741896765
230,3.833333,-1.915,0.004,9.387,1.835,-8.87,9.201,9.1,37.3,50.4,-1.585,9.567,16.115,-6.564,10.22,70.054,-0.054,0.084,0.573,0.814,231,-0.6675630988897499,-9.085143925096085,2.9660629408848385,9.580344983350026
231,3.85,-1.332,0.205,9.037,7.505,-7.183,11.52,7.1,34.5,50.5,-0.479,10.525,17.938,-6.373,10.164,70.192,-0.052,0.083,0.574,0.813,232,-0.17054379463785274,-8.597868138633944,3.0872635593311157,9.136937014120214
232,3.866667,-1.078,0.651,8.543,7.649,5.097,14.212,7.1,36.4,50.3,0.321,11.802,17.385,-6.189,10.262,70.294,-0.051,0.084,0.575,0.813,233,-0.03148513791177798,-7.95604675585833,3.3569424637140886,8.635318986580636
233,3.883333,-1.106,1.005,8.457,-0.618,17.031,17.697,7.1,36.5,49.2,0.0,12.462,17.221,-6.257,10.515,70.461,-0.051,0.086,0.576,0.811,234,-0.09240253875294924,-7.781409768561289,3.632524436885589,8.588021308776545
234,3.9,-1.68,0.484,8.688,-8.859,20.431,17.417,6.9,35.4,49.3,-0.957,11.94,19.588,-6.532,10.793,70.693,-0.053,0.088,0.577,0.81,235,-0.506139936362304,-8.280630663660144,3.1165651247600357,8.862166777938677
235,3.916667,-1.853,0.278,8.807,-14.331,12.562,15.604,8.8,36.3,49.4,-0.78,10.826,18.782,-6.831,10.935,70.871,-0.056,0.089,0.579,0.809,236,-0.6130295211749011,-8.500233237119271,2.9059201160288115,9.004118057866634
236,3.933333,-1.674,0.204,8.563,-17.763,12.236,20.29,7.7,37.2,50.8,-1.361,11.694,17.87,-7.154,10.972,71.095,-0.058,0.09,0.58,0.808,237,-0.46410786443609453,-8.274580903943223,2.735831821268755,8.727477356029059
237,3.95,-1.409,0.324,8.362,-22.625,24.565,32.563,7.4,35.7,51.2,-0.756,10.071,16.064,-7.615,11.088,71.55,-0.062,0.09,0.583,0.805,238,-0.24884149593221294,-8.0273596103421,2.740962713382029,8.486065106985688
238,3.966667,-1.027,0.204,7.756,-26.383,51.96,47.474,7.2,37.0,49.8,-1.769,9.901,15.597,-8.344,11.498,72.153,-0.068,0.094,0.587,0.801,239,0.09779901331321295,-7.450266834435413,2.39496147123637,7.826358093008522
239,3.983333,-1.357,-0.065,7.17,-27.176,78.767,59.093,9.1,36.9,49.3,0.0,9.983,16.658,-9.38,12.313,72.98,-0.076,0.1,0.593,0.795,240,-0.16623488581373547,-7.073150899149272,1.7881488530327483,7.2975731582492545
240,4.0,-1.794,-0.273,7.239,-28.489,100.889,67.109,10.2,36.5,48.3,-1.531,10.926,15.806,-10.686,13.497,73.937,-0.087,0.109,0.599,0.788,241,-0.3868402579457828,-7.32448569809696,1.3778061812916707,7.462981039772244
241,4.016667,-2.683,-0.694,7.165,-29.576,106.057,68.436,10.5,37.0,47.0,-0.957,10.221,16.992,-12.127,14.845,74.924,-0.098,0.12,0.605,0.781,242,-0.9591608235547131,-7.598254932928139,0.6032267308326439,7.682275053654354
242,4.033333,-3.235,-0.981,6.902,-31.181,98.846,67.262,10.9,38.1,47.5,-3.278,8.906,16.165,-13.559,16.142,75.898,-0.109,0.13,0.611,0.773,243,-1.2577944925198965,-7.581608345329151,-0.04855834245516211,7.685388083890104
243,4.05,-3.422,-1.314,6.23,-30.619,87.817,63.504,11.8,38.1,46.1,-2.76,9.567,16.795,-14.894,17.279,76.853,-0.12,0.139,0.617,0.765,244,-1.3007839589487595,-7.071063750642099,-0.7467252014609401,7.228387095334615
244,4.066667,-3.272,-1.05,5.673,-30.918,77.635,57.551,12.8,38.4,45.2,-1.961,9.914,14.267,-16.118,18.262,77.734,-0.129,0.146,0.623,0.758,245,-1.2252789970050313,-6.476735959718569,-0.7362035639595377,6.632602279648614
245,4.083333,-2.818,-0.695,5.776,-39.204,73.352,52.85,12.7,38.9,44.3,-1.286,9.288,14.73,-17.35,19.094,78.534,-0.139,0.153,0.627,0.751,246,-0.7764937955686559,-6.405288464044248,-0.394540337386505,6.464234293402429
246,4.1,-2.954,-0.828,6.692,-58.119,62.876,49.667,13.4,39.2,43.0,-4.751,9.057,16.168,-18.728,19.637,79.361,-0.149,0.156,0.632,0.744,247,-0.5007909734777001,-7.324089761976214,-0.5490733643134194,7.3616957285668905
247,4.116667,-2.931,-1.385,7.008,-72.609,48.743,42.33,13.2,39.4,43.6,-3.691,6.947,14.329,-20.2,19.78,80.176,-0.161,0.157,0.637,0.737,248,-0.11675659173479369,-7.631317360607646,-1.170646505130746,7.721466829560301
248,4.133333,-2.763,-1.634,7.016,-80.905,38.702,30.86,15.0,38.2,43.0,-1.631,8.415,16.265,-21.706,19.592,80.922,-0.172,0.155,0.642,0.731,249,0.16762409204455553,-7.567871201323431,-1.492517552307401,7.715463757934451
249,4.15,-3.174,-2.008,6.761,-87.811,38.372,8.6,13.7,39.3,41.5,-2.437,8.164,14.83,-23.291,19.2,81.387,-0.184,0.152,0.644,0.727,250,-0.0926339614345637,-7.429171473447064,-2.1485556002368935,7.734174875188691
250,4.166667,-4.043,-2.046,7.164,-92.74,35.502,-15.669,13.8,39.0,42.4,-2.874,9.69,15.905,-25.001,18.635,81.466,-0.198,0.147,0.644,0.724,251,-0.7266765262754724,-8.042120848782638,-2.5789715934332857,8.476724662273748
251,4.183333,-4.381,-2.495,7.842,-96.564,24.363,-31.47,12.4,38.7,42.0,-3.275,8.501,16.265,-26.777,17.76,81.272,-0.212,0.14,0.642,0.723,252,-0.6974562623516447,-8.760014585872462,-3.113012884234208,9.322829506110255
252,4.2,-4.141,-2.473,8.046,-91.993,16.584,-37.798,14.3,38.8,42.6,-2.482,8.43,15.398,-28.418,16.688,80.928,-0.225,0.132,0.64,0.723,253,-0.5601487065320101,-8.869704577091639,-3.0027154613266522,9.380923515304875
253,4.216667,-4.503,-2.78,8.026,-85.584,17.836,-37.822,12.9,37.6,41.6,-1.689,8.132,17.573,-29.955,15.641,80.562,-0.237,0.124,0.637,0.723,254,-0.8137214717604437,-8.923029540363972,-3.4841765437744314,9.613640569524117
254,4.233333,-4.973,-3.253,8.086,-79.57,21.447,-34.105,12.3,37.2,41.0,-4.993,5.922,16.144,-31.443,14.749,80.168,-0.249,0.117,0.634,0.723,255,-1.012838089168575,-9.079747738452365,-4.150719697979917,10.034746334611551
255,4.25,-5.21,-3.573,8.283,-68.984,27.25,-29.024,13.1,36.1,41.2,-4.389,7.551,17.887,-32.884,14.042,79.782,-0.26,0.111,0.631,0.723,256,-1.0346510133047473,-9.314845098436086,-4.547711080621623,10.417222182520636
256,4.266667,-5.534,-3.698,8.581,-59.408,35.911,-26.439,13.9,36.3,40.7,-5.157,5.952,16.743,-34.25,13.593,79.4,-0.271,0.107,0.627,0.722,257,-1.179084299540571,-9.662584364528817,-4.814368558070741,10.859738532764036
257,4.283333,-6.418,-3.692,8.905,-50.563,37.791,-26.49,13.0,36.7,40.4,-7.488,5.357,16.36,-35.465,13.35,79.003,-0.28,0.105,0.624,0.722,258,-1.8180003151033426,-10.139523130816308,-5.292027828151054,11.58104541913207
258,4.3,-6.469,-4.126,8.592,-42.933,39.166,-25.572,12.2,35.4,40.3,-4.654,5.799,16.439,-36.592,13.184,78.587,-0.289,0.104,0.621,0.721,259,-1.5893514340417192,-9.860962934164368,-5.738438204785863,11.519301237488323
259,4.316667,-6.458,-4.397,8.334,-33.326,42.612,-20.47,13.6,36.3,39.0,-6.079,5.542,15.448,-37.62,13.187,78.188,-0.297,0.104,0.618,0.721,260,-1.3700316856603592,-9.62391556706514,-5.999849276297521,11.423437704999314
260,4.333333,-6.181,-4.002,8.431,-31.001,44.918,-14.511,13.7,37.3,38.7,-4.749,7.876,16.674,-38.583,13.321,77.83,-0.305,0.105,0.615,0.72,261,-1.3129548321478102,-9.647276877721968,-5.52347032700555,11.193861085434284
261,4.35,-6.385,-3.886,8.387,-34.157,51.855,-13.795,13.0,36.8,38.7,-5.566,6.917,18.437,-39.635,13.508,77.534,-0.313,0.107,0.612,0.719,262,-1.4418696871951173,-9.63132508785115,-5.600855189814936,11.234366470789531
262,4.366667,-6.819,-3.968,8.446,-38.786,57.272,-15.888,13.2,36.0,38.7,-4.969,8.148,17.916,-40.848,13.727,77.212,-0.322,0.108,0.609,0.717,263,-1.5771666236708382,-9.768053394120626,-5.9729707291085266,11.557625231854509
263,4.383333,-7.146,-4.288,8.636,-38.721,48.547,-17.692,13.8,36.8,38.2,-7.176,5.698,18.646,-42.033,13.863,76.851,-0.331,0.109,0.606,0.715,264,-1.4671993838433206,-10.028695971746602,-6.426922986493867,12.001364755726742
264,4.4,-7.676,-4.135,9.447,-39.632,31.157,-16.903,13.0,37.3,38.0,-6.29,5.262,18.87,-43.061,13.815,76.584,-0.339,0.109,0.603,0.714,265,-1.8091788566475504,-10.895808593715433,-6.578239654632262,12.855543940261727
265,4.416667,-7.65,-4.488,9.635,-38.808,5.897,-18.82,13.2,36.8,37.2,-6.238,6.333,16.915,-43.827,13.418,76.467,-0.345,0.106,0.602,0.712,266,-1.530441165152571,-11.075166019642927,-6.818820754159262,13.095719491497976
266,4.433333,-6.545,-3.807,9.095,-36.765,3.072,-18.718,14.0,36.5,38.2,-5.732,7.184,17.909,-44.421,12.89,76.375,-0.35,0.101,0.601,0.711,267,-1.3222862004242542,-10.290137357853279,-5.693323402080716,11.834242645813884
267,4.45,-6.055,-4.195,8.669,-40.754,18.549,-15.162,12.6,37.3,38.9,-5.74,6.865,17.066,-45.111,12.438,76.295,-0.355,0.098,0.6,0.71,268,-0.7461810484945368,-9.806959353029361,-5.716587538986661,11.37596637653259
268,4.466667,-13.738,-5.248,13.735,-10.906,-57.725,31.349,12.2,37.7,37.4,-15.228,0.637,23.042,-45.44,12.015,76.751,-0.357,0.094,0.603,0.707,269,-5.028449373187072,-15.9687600587864,-11.164128809996898,20.122732741851937
269,4.483333,-6.391,-5.782,10.328,40.006,-105.463,38.811,12.4,38.2,37.9,-6.214,2.877,20.085,-43.918,11.159,78.058,-0.345,0.088,0.613,0.706,270,0.0657365652405475,-11.505702429298085,-6.968391443685876,13.451542253585645
270,4.5,-5.475,-4.501,10.558,82.778,-71.695,36.414,13.7,37.9,40.4,-4.7,5.514,20.176,-42.052,11.024,79.065,-0.33,0.087,0.621,0.706,271,-0.25616278081222443,-11.480956520870501,-5.461502357008343,12.716367012633759
271,4.516667,-4.114,-3.423,9.044,102.315,-21.12,24.594,12.5,38.5,41.9,-3.329,7.654,17.719,-40.213,11.7,79.559,-0.316,0.092,0.625,0.708,272,-0.05489021533648786,-9.7278237875077,-3.9752097332668646,10.508846796865962
272,4.533333,-5.478,-2.3,9.94,109.174,15.059,24.609,12.5,39.7,40.6,-5.988,8.345,18.161,-38.788,13.055,79.705,-0.305,0.103,0.627,0.71,273,-1.5606533856911753,-10.823292435645243,-3.810877308735497,11.58024542054269
273,4.55,-5.786,-1.761,10.214,104.964,18.296,27.953,12.9,41.3,40.4,-4.008,8.132,19.251,-37.542,14.645,79.782,-0.295,0.115,0.628,0.711,274,-1.8647584659919478,-11.199730726157679,-3.463151819523794,11.870329102430144
274,4.566667,-7.487,-2.271,12.154,111.219,12.156,21.507,12.8,41.9,41.3,-6.43,8.332,20.092,-36.271,16.215,79.849,-0.286,0.128,0.629,0.712,275,-2.290502135894715,-13.542307758972406,-4.504644994529261,14.454491551071591
275,4.583333,-6.807,-1.618,13.064,122.689,25.135,22.125,13.3,41.7,41.0,-6.652,9.985,19.302,-34.857,17.971,79.818,-0.275,0.142,0.629,0.714,276,-1.6474345150280776,-14.3528057362532,-3.302150211009701,14.819624455430711
276,4.6,-5.643,-0.898,9.641,114.154,48.385,16.156,13.4,41.5,40.8,-4.687,9.276,17.61,-33.724,19.873,79.629,-0.266,0.157,0.628,0.715,277,-1.5801560963706747,-10.827073225844849,-2.4241134613083224,11.207084098908155
277,4.616667,-5.633,0.039,8.64,96.204,53.983,11.94,12.8,43.5,41.0,-5.558,11.064,17.221,-32.918,21.833,79.331,-0.259,0.172,0.625,0.716,278,-2.06068423689069,-9.964532903911946,-1.6862605026170783,10.31415580646327
278,4.633333,-5.712,0.363,8.307,83.279,49.262,14.132,13.9,44.8,39.9,-5.088,9.828,16.526,-32.24,23.594,79.167,-0.254,0.186,0.624,0.715,279,-2.126671353438663,-9.757637398535726,-1.4250415268195993,10.087862112459707
279,4.65,-6.113,0.652,8.312,67.664,17.451,19.294,14.6,45.6,40.6,-5.262,9.089,17.357,-31.531,24.95,79.207,-0.248,0.197,0.624,0.714,280,-2.373211043976175,-9.974842165793726,-1.3242394452111073,10.338433972319018
280,4.666667,-5.559,0.724,8.581,63.386,-0.064,24.277,12.6,44.2,40.9,-4.359,10.314,15.947,-30.593,25.918,79.485,-0.241,0.204,0.626,0.713,281,-1.7166929229290275,-10.067721771385333,-0.8684248628057194,10.249888682322357
281,4.683333,-5.41,0.724,8.92,62.661,-1.77,28.247,15.1,45.7,40.5,-4.842,9.626,18.033,-29.548,26.761,79.82,-0.233,0.211,0.628,0.712,282,-1.314718841611065,-10.352414421665342,-0.6765397324683251,10.457469866081375
282,4.7,-4.907,0.902,8.822,60.523,6.883,30.75,14.3,46.1,40.9,-3.603,11.878,17.557,-28.564,27.644,80.195,-0.225,0.217,0.631,0.71,283,-0.8684317806994,-10.094810279752146,-0.24610700534862628,10.135084459440879
283,4.716667,-4.987,0.991,8.739,56.108,19.144,27.841,15.3,46.4,40.3,-2.27,11.303,16.743,-27.781,28.619,80.536,-0.218,0.225,0.633,0.708,284,-0.8101710435977729,-10.076236995196815,-0.1882601836362876,10.110507949653174
284,4.733333,-5.335,1.01,8.484,49.144,30.412,21.249,14.7,47.6,39.4,-4.583,11.204,17.097,-27.246,29.679,80.751,-0.214,0.233,0.634,0.706,285,-0.9939490636932478,-10.017704698185533,-0.3438587482307809,10.072764317703458
285,4.75,-5.965,1.049,8.229,38.244,35.861,13.477,14.3,47.1,39.6,-6.337,10.772,17.098,-27.015,30.724,80.879,-0.212,0.241,0.634,0.703,286,-1.4159096878075843,-10.099660957757273,-0.624592102356472,10.217537227727629
286,4.766667,-6.935,0.924,7.886,25.385,31.099,6.519,14.7,47.5,39.3,-6.697,12.26,17.522,-27.021,31.623,80.941,-0.212,0.248,0.634,0.701,287,-2.0870028087151216,-10.259841035821115,-1.2316972826536179,10.542153337909669
287,4.783333,-7.571,0.784,7.729,14.772,16.548,2.601,14.8,47.9,39.3,-6.745,12.059,16.312,-27.104,32.212,80.976,-0.212,0.252,0.634,0.699,288,-2.464576868460692,-10.4293947453707,-1.6809890257471887,10.847678922239538
288,4.8,-7.739,0.526,7.51,7.866,-1.617,2.436,14.0,48.3,39.1,-9.005,10.394,15.09,-27.098,32.382,81.111,-0.212,0.254,0.635,0.698,289,-2.5342220214186373,-10.296973767696205,-2.029518901989591,10.79670769262556
289,4.816667,-7.092,0.207,7.521,3.482,-12.382,2.046,14.7,48.1,38.2,-6.643,11.055,15.839,-27.056,32.381,81.299,-0.212,0.253,0.636,0.697,290,-1.8847167690482842,-9.961428832435729,-2.030402008663878,10.339475518613115
290,4.833333,-6.394,0.137,7.642,2.75,-14.62,1.757,16.2,48.3,39.3,-4.671,11.819,17.109,-26.945,32.238,81.509,-0.211,0.252,0.638,0.697,291,-1.2845441884604636,-9.72197589100964,-1.7706778370216774,9.965047365667662
291,4.85,-5.754,0.065,7.892,4.186,-10.265,1.981,15.7,48.4,39.0,-4.562,10.524,17.678,-26.831,32.084,81.723,-0.21,0.251,0.639,0.696,292,-0.6661228467013895,-9.624149696220881,-1.525918732381892,9.767108323347294
292,4.866667,-5.767,0.09,8.063,5.558,-5.29,1.227,14.9,47.3,39.7,-3.792,10.985,15.804,-26.742,31.988,81.915,-0.209,0.25,0.641,0.695,293,-0.6128142730918258,-9.779808664038297,-1.5027172593327,9.913544169468354
293,4.883333,-5.816,0.031,8.016,8.236,-0.56,2.644,14.8,47.2,40.1,-4.174,9.829,16.96,-26.667,31.997,82.049,-0.208,0.25,0.642,0.695,294,-0.6371023036797991,-9.754123390545288,-1.5919329560830102,9.903689867922965
294,4.9,-5.902,0.131,8.03,8.711,3.395,2.605,15.0,48.0,38.0,-5.262,10.376,17.107,-26.623,32.093,82.157,-0.208,0.251,0.642,0.694,295,-0.7183287748221652,-9.819148587300022,-1.549190043792717,9.966527228679006
295,4.916667,-6.12,0.316,7.82,8.052,1.643,3.172,14.2,48.1,38.2,-5.971,10.046,18.145,-26.597,32.199,82.292,-0.208,0.252,0.643,0.693,296,-1.0399894156477592,-9.762591751284475,-1.5221301892719197,9.93512234449078
296,4.933333,-6.085,0.383,7.883,5.124,0.924,1.742,13.8,48.0,37.9,-6.533,10.21,17.551,-26.588,32.276,82.445,-0.208,0.252,0.644,0.692,297,-0.9905131354733108,-9.80873583588133,-1.457116340705923,9.965721398875248
297,4.95,-6.039,0.359,8.018,2.477,1.055,0.471,13.7,48.5,39.8,-4.4,11.084,17.221,-26.615,32.32,82.6,-0.208,0.252,0.645,0.691,298,-0.8620015487932706,-9.899530894887917,-1.4638877658610463,10.04423844798599
298,4.966667,-6.038,0.269,8.092,2.465,1.279,0.279,15.1,47.3,39.6,-5.261,11.007,16.266,-26.661,32.326,82.742,-0.208,0.252,0.646,0.69,299,-0.7743169275687611,-9.949159724833244,-1.5572164478442196,10.100013316822904
299,4.983333,-6.093,0.342,8.052,2.826,1.169,0.256,15.8,47.7,39.0,-5.74,10.13,18.406,-26.701,32.344,82.867,-0.208,0.252,0.647,0.689,300,-0.8553639735871865,-9.948302840336424,-1.5414084694341657,10.10328248640015
300,5.0,-5.978,0.298,7.891,2.674,2.386,0.449,15.3,48.2,39.2,-5.429,11.169,15.807,-26.749,32.372,82.987,-0.209,0.252,0.647,0.688,301,-0.8134624118722265,-9.745700868175255,-1.5661297815056978,9.904199563821399
301,5.016667,-6.037,0.326,7.815,2.358,3.196,1.302,15.1,48.5,39.4,-6.737,9.757,17.241,-26.819,32.414,83.121,-0.209,0.253,0.648,0.687,302,-0.8900004512829405,-9.709541947271704,-1.5995513029869863,9.880580448536412
302,5.033333,-6.304,0.281,7.834,2.32,3.167,0.496,16.0,48.6,38.2,-5.448,9.382,17.261,-26.903,32.472,83.268,-0.21,0.253,0.649,0.686,303,-1.0406083838025069,-9.844956761235,-1.7846270089218093,10.059370407734274
303,5.05,-6.405,0.377,7.786,2.635,2.774,1.027,14.0,48.5,39.7,-3.794,12.598,16.265,-26.994,32.541,83.415,-0.21,0.253,0.65,0.685,304,-1.1589330670489453,-9.863259942978786,-1.7778997281429016,10.089001437208736
304,5.066667,-6.399,0.489,7.625,2.727,2.355,1.559,15.2,47.2,39.8,-6.2,11.443,14.944,-27.065,32.614,83.566,-0.211,0.254,0.651,0.684,305,-1.2591819486572025,-9.736015502254979,-1.717966809931602,9.96629053359373
305,5.083333,-6.403,0.383,7.744,3.629,2.617,0.971,13.9,48.4,39.3,-7.043,8.987,15.888,-27.121,32.691,83.688,-0.211,0.254,0.651,0.683,306,-1.134419127896142,-9.823787335595103,-1.8223417975957772,10.05557725841734
306,5.1,-6.396,0.41,7.766,1.99,3.259,0.586,15.1,48.8,38.5,-5.959,10.893,16.592,-27.209,32.767,83.816,-0.212,0.255,0.652,0.682,307,-1.1067053803277744,-9.841636133759605,-1.8179860868089248,10.06914455154955
307,5.116667,-6.489,0.486,7.739,0.749,2.013,0.336,15.6,48.0,39.1,-6.643,10.893,16.422,-27.304,32.819,83.973,-0.212,0.255,0.653,0.681,308,-1.2016583516036592,-9.87221148565951,-1.8250741323117945,10.11115413788159
308,5.133333,-6.374,0.539,7.758,0.983,0.386,0.094,15.7,49.2,38.7,-5.564,10.784,16.743,-27.377,32.851,84.107,-0.213,0.255,0.654,0.68,309,-1.1136752860372274,-9.83923198685903,-1.7476276108027187,10.055096270051322
309,5.15,-6.277,0.455,7.74,0.126,0.889,0.298,14.3,49.0,37.4,-3.923,11.385,14.399,-27.443,32.846,84.258,-0.213,0.255,0.655,0.679,310,-1.0029041895515514,-9.75990188250968,-1.803843793227099,9.975738268419034
310,5.166667,-6.129,0.289,7.755,0.932,2.147,-0.094,14.2,48.2,37.8,-4.885,10.592,16.197,-27.531,32.847,84.411,-0.214,0.255,0.656,0.678,311,-0.7999841869520266,-9.669901860527506,-1.9081955634560537,9.888790977667593
311,5.183333,-6.193,0.364,7.811,1.585,3.463,-0.167,14.2,49.4,39.0,-4.884,10.54,16.512,-27.631,32.874,84.547,-0.215,0.255,0.656,0.677,312,-0.836564474874236,-9.757675254781198,-1.8935151178718086,9.974841652878506
312,5.2,-6.177,0.336,7.781,2.205,4.48,0.463,14.4,49.4,39.0,-5.117,12.271,17.814,-27.729,32.93,84.665,-0.215,0.256,0.657,0.676,313,-0.8078049899652342,-9.716243520007529,-1.9375884387813045,9.940431881965692
313,5.216667,-6.233,0.38,7.742,1.999,3.986,0.783,14.6,48.6,38.8,-5.542,11.76,16.464,-27.835,32.982,84.811,-0.216,0.256,0.658,0.675,314,-0.8674460308281464,-9.713538244422839,-1.9565186320951198,9.94651964256845
314,5.233333,-6.363,0.321,7.703,1.641,2.069,1.002,15.5,48.7,37.7,-6.57,10.535,16.499,-27.92,33.02,84.951,-0.217,0.256,0.659,0.674,315,-0.9400091933713641,-9.72843393257562,-2.097850074692799,9.996350283978648
315,5.25,-6.464,0.141,7.741,2.568,0.383,2.513,15.1,48.6,38.8,-6.965,10.116,16.87,-27.976,33.05,85.108,-0.217,0.256,0.66,0.672,316,-0.8999817999546824,-9.772906186221302,-2.325208686347903,10.085943585009785
316,5.266667,-6.293,0.253,7.984,3.449,-0.244,2.264,15.1,48.9,38.0,-7.514,10.28,18.329,-28.007,33.079,85.265,-0.217,0.256,0.661,0.671,317,-0.6826718883132363,-9.915597993017506,-2.1505788834111654,10.169076359237351
317,5.283333,-6.061,0.487,7.667,3.613,2.906,2.05,14.8,49.7,38.4,-5.704,10.211,18.492,-28.051,33.13,85.418,-0.217,0.257,0.662,0.67,318,-0.7561385800368194,-9.573130835024548,-1.8812760199614766,9.785488184040691
318,5.3,-6.268,0.423,7.572,4.29,3.375,1.241,14.8,48.1,38.8,-5.052,12.017,15.997,-28.111,33.2,85.568,-0.218,0.257,0.662,0.669,319,-0.9072621417813069,-9.576715182678942,-2.0652696472705485,9.838797538317372
319,5.316667,-6.344,0.531,7.679,3.077,3.197,0.884,15.1,49.5,38.7,-6.511,9.833,16.079,-28.175,33.283,85.7,-0.218,0.258,0.663,0.668,320,-0.9309299641547222,-9.723362893610627,-2.0211188587005102,9.974734983948194
320,5.333333,-6.471,0.552,7.664,2.173,0.924,0.749,15.3,48.4,38.9,-5.949,12.126,14.559,-28.246,33.333,85.846,-0.218,0.258,0.664,0.667,321,-1.02151865668956,-9.772947245644371,-2.088406753457591,10.04566777272671
321,5.35,-6.584,0.536,7.647,1.567,-1.201,0.495,15.2,47.7,38.8,-8.522,10.002,15.786,-28.285,33.356,85.959,-0.219,0.258,0.665,0.666,322,-1.0943084349478474,-9.807495798864412,-2.174505967906018,10.105095793707251
322,5.366667,-6.613,0.42,7.684,1.135,-0.206,0.915,14.1,48.6,38.8,-5.98,10.883,15.607,-28.336,33.353,86.09,-0.219,0.258,0.665,0.665,323,-1.036777363354152,-9.825810224460731,-2.3088029651140456,10.146527731199479
323,5.383333,-6.272,0.478,7.725,1.364,0.141,1.052,14.7,49.0,38.8,-6.414,10.612,15.556,-28.369,33.363,86.199,-0.219,0.258,0.666,0.665,324,-0.7802658036832026,-9.70472928990763,-2.109859636376685,9.962032573727111
324,5.4,-6.32,0.412,7.705,1.369,1.185,1.068,14.3,48.0,39.5,-4.815,11.257,15.625,-28.431,33.372,86.349,-0.22,0.258,0.667,0.664,325,-0.7846537915315617,-9.692947611242994,-2.2159093016488494,9.973924453293197
325,5.416667,-6.288,0.558,7.706,0.779,1.237,0.893,14.8,47.9,39.6,-4.692,11.176,16.397,-28.478,33.389,86.472,-0.22,0.258,0.668,0.663,326,-0.8116022054774739,-9.705570011214549,-2.091878729151606,9.961563331124289
326,5.433333,-6.359,0.53,7.697,1.101,1.007,0.763,16.2,48.6,38.8,-4.396,12.05,15.992,-28.532,33.409,86.578,-0.22,0.258,0.668,0.662,327,-0.844611977319782,-9.723370211002853,-2.168938069090562,9.998079315548562
327,5.45,-6.385,0.431,7.676,0.9,0.68,0.626,14.8,48.0,38.8,-6.679,10.046,16.743,-28.601,33.425,86.689,-0.221,0.258,0.669,0.661,328,-0.8202211633744865,-9.693308430655616,-2.2895350862857207,9.993746144464547
328,5.466667,-6.349,0.563,7.65,0.564,0.766,0.247,14.5,48.8,37.9,-6.219,10.857,17.96,-28.669,33.437,86.799,-0.221,0.258,0.67,0.66,329,-0.8533208480162404,-9.678728776110319,-2.1779170803395873,9.957372645432129
329,5.483333,-6.251,0.429,7.622,1.185,-0.56,0.589,15.6,48.6,38.5,-4.6,11.65,16.066,-28.723,33.437,86.924,-0.222,0.258,0.67,0.66,330,-0.7292329645513318,-9.574469168891136,-2.2697324550186013,9.866809312031931
330,5.5,-6.384,0.318,7.684,0.91,-0.448,0.762,14.3,48.9,38.0,-6.466,11.234,16.27,-28.776,33.422,87.048,-0.222,0.258,0.671,0.659,331,-0.7391872355804354,-9.662377194603645,-2.447959390994537,9.995020560258993
331,5.516667,-6.366,0.462,7.691,0.944,-0.483,0.45,14.5,48.3,38.2,-5.742,10.524,17.695,-28.84,33.397,87.187,-0.222,0.257,0.672,0.658,332,-0.7776321573344243,-9.686576405228191,-2.335895283088671,9.994542560817878
332,5.533333,-6.375,0.437,7.722,0.992,0.007,0.449,15.5,49.1,38.1,-6.063,11.413,16.275,-28.89,33.381,87.303,-0.223,0.257,0.673,0.657,333,-0.7508601013442684,-9.707443547564445,-2.3796274664448434,10.023017409941978
333,5.55,-6.373,0.482,7.77,0.613,0.34,0.31,15.0,48.2,38.2,-7.157,10.055,13.892,-28.949,33.372,87.431,-0.223,0.257,0.673,0.656,334,-0.7347281554584137,-9.7528160777194,-2.358623770709239,10.06083261961951
334,5.566667,-6.412,0.49,7.623,0.59,0.386,-0.041,15.3,48.8,37.7,-6.522,10.828,16.177,-29.01,33.372,87.543,-0.223,0.257,0.674,0.656,335,-0.8357584304999479,-9.645014902182822,-2.395656148640609,9.973162637799506
